squirrelId,in_awake,in_asleep,out_awake,out_asleep,is_female,is_mast,year,start_dt,end_dt,durationInMinutes,inNestInMinutes,asleepInMinutes,meanSeason
12678,0.0890873015873016,0.342063492063492,0.539583333333333,0.029265873015873,0,0,2015,24/04/2015 00:00:00.000,30/04/2015 23:59:00.000,10079,4346,3743,2
19537,0.0867063492063492,0.422222222222222,0.45297619047619,0.0380952380952381,0,0,2015,24/04/2015 00:00:00.000,30/04/2015 23:59:00.000,10079,5130,4640,2
20495,0.0905753968253968,0.38531746031746,0.5,0.0241071428571429,0,0,2015,24/04/2015 00:00:00.000,30/04/2015 23:59:00.000,10079,4797,4127,2
20645,0.0178571428571429,0.41765873015873,0.225694444444444,0.338789682539683,0,0,2015,24/04/2015 00:00:00.000,30/04/2015 23:59:00.000,10079,4390,7625,2
20836,0.0299603174603175,0.431349206349206,0.237202380952381,0.301488095238095,0,0,2015,24/04/2015 00:00:00.000,30/04/2015 23:59:00.000,10079,4650,7387,2
19880,0.0362103174603175,0.478373015873016,0.267956349206349,0.217460317460317,0,0,2015,24/04/2015 00:00:00.000,30/04/2015 23:59:00.000,10079,5187,7014,2
13179,0.0970238095238095,0.378174603174603,0.491666666666667,0.0331349206349206,0,0,2015,24/04/2015 00:00:00.000,30/04/2015 23:59:00.000,10079,4790,4146,2
19537,0.0801587301587302,0.377579365079365,0.505456349206349,0.0368055555555556,0,0,2015,03-May-2015,09-May-2015 23:59:00,10079,4614,4177,2
21004,0.0673611111111111,0.432242063492064,0.428373015873016,0.0720238095238095,0,0,2015,03-May-2015,09-May-2015 23:59:00,10079,5036,5083,2
21297,0.11031746031746,0.366170634920635,0.505555555555556,0.0179563492063492,0,0,2015,03-May-2015,09-May-2015 23:59:00,10079,4803,3872,2
20862,0.0716435185185185,0.372222222222222,0.518287037037037,0.0378472222222222,0,0,2015,04-May-2015,09-May-2015 23:59:00,8639,3835,3543,2
19718,0.0761574074074074,0.346064814814815,0.522569444444444,0.0552083333333333,0,0,2015,04-May-2015,09-May-2015 23:59:00,8639,3648,3467,2
19516,0.236342592592593,0.309375,0.385416666666667,0.0688657407407407,0,0,2015,04-May-2015,09-May-2015 23:59:00,8639,4715,3268,2
21276,0.0955357142857143,0.319146825396825,0.549801587301587,0.035515873015873,0,0,2015,03-May-2015,09-May-2015 23:59:00,10079,4180,3575,2
20567,0.102380952380952,0.364583333333333,0.485615079365079,0.0474206349206349,0,0,2015,03-May-2015,09-May-2015 23:59:00,10079,4707,4153,2
12027,0.236612654320988,0.303780864197531,0.409027777777778,0.0505787037037037,0,0,2016,20-Aug-2016,06-Sep-2016 23:59:00,25919,14007,9185,4
21279,0.105106209150327,0.453717320261438,0.387214052287582,0.0539624183006536,0,0,2016,20-Aug-2016,05-Sep-2016 23:59:00,24479,13680,12428,4
20729,0.112785947712418,0.452532679738562,0.35968137254902,0.075,0,0,2016,20-Aug-2016,05-Sep-2016 23:59:00,24479,13839,12914,4
21117,0.0978298611111111,0.441840277777778,0.431380208333333,0.0289496527777778,0,0,2016,20-Aug-2016,04-Sep-2016 23:59:00,23039,12434,10847,4
20942,0.245876736111111,0.291059027777778,0.441449652777778,0.0216145833333333,0,0,2016,20-Aug-2016,04-Sep-2016 23:59:00,23039,12371,7204,4
20198,0.123733660130719,0.398570261437909,0.421691176470588,0.0560049019607843,0,0,2016,20-Aug-2016,05-Sep-2016 23:59:00,24479,12786,11128,4
22068,0.24187091503268,0.327001633986928,0.415196078431373,0.0159313725490196,0,0,2016,20-Aug-2016,05-Sep-2016 23:59:00,24479,13926,8395,4
12028,0.118259803921569,0.461029411764706,0.375245098039216,0.0454656862745098,0,0,2016,20-Aug-2016,05-Sep-2016 23:59:00,24479,14181,12399,4
12653,0.136296296296296,0.457037037037037,0.308611111111111,0.0980555555555556,0,0,2016,22-Aug-2016,05-Sep-2016 23:59:00,21599,12816,11990,4
20525,0.108897569444444,0.398350694444444,0.363715277777778,0.129036458333333,0,0,2016,20-Aug-2016,04-Sep-2016 23:59:00,23039,11687,12151,4
12678,0.344867149758454,0.513194444444444,0.13173309178744,0.0102053140096618,0,0,2016,07-Dec-2015,29-Dec-2015 23:59:00,33119,28419,17335,1
11256,0.333472222222222,0.463125,0.161180555555556,0.0422222222222222,1,0,2016,02-Dec-2015,11-Dec-2015 23:59:00,14399,11471,7277,1
20729,0.188247863247863,0.668803418803419,0.13258547008547,0.0103632478632479,0,0,2016,02-Dec-2015,14-Dec-2015 23:59:00,18719,16044,12714,1
12285,0.367141812865497,0.520175438596491,0.100584795321637,0.0120979532163743,1,0,2016,07-Dec-2015,25-Dec-2015 23:59:00,27359,24277,14563,1
21997,0.344497863247863,0.549172008547009,0.101923076923077,0.00440705128205128,0,0,2016,02-Dec-2015,27-Dec-2015 23:59:00,37439,33459,20726,1
19962,0.363310185185185,0.470138888888889,0.15787037037037,0.00868055555555556,1,0,2016,05-Dec-2015,10-Dec-2015 23:59:00,8639,7201,4137,1
12177,0.186574074074074,0.653096064814815,0.14212962962963,0.0182002314814815,0,0,2016,05-Dec-2015,28-Dec-2015 23:59:00,34559,29019,23200,1
20198,0.341333333333333,0.436583333333333,0.207694444444444,0.0143888888888889,0,0,2016,07-Dec-2015,31-Dec-2015 23:59:00,35999,28005,16235,1
20873,0.355277777777778,0.525972222222222,0.108333333333333,0.0104166666666667,1,0,2016,07-Dec-2015,11-Dec-2015 23:59:00,7199,6345,3862,1
19983,0.149305555555556,0.742083333333333,0.0944444444444444,0.0141666666666667,1,0,2016,07-Dec-2015,11-Dec-2015 23:59:00,7199,6418,5445,1
13487,0.386950231481481,0.508998842592593,0.0989293981481481,0.00512152777777778,0,0,2016,05-Dec-2015,28-Dec-2015 23:59:00,34559,30964,17768,1
20295,0.324861111111111,0.537638888888889,0.128055555555556,0.00944444444444444,1,0,2016,07-Dec-2015,11-Dec-2015 23:59:00,7199,6210,3939,1
19880,0.350603864734299,0.498339371980676,0.134812801932367,0.016243961352657,0,0,2016,07-Dec-2015,29-Dec-2015 23:59:00,33119,28117,17043,1
19795,0.119146825396825,0.551488095238095,0.117361111111111,0.212003968253968,0,0,2016,05-Dec-2015,11-Dec-2015 23:59:00,10079,6760,7696,1
20191,0.136805555555556,0.749444444444444,0.100138888888889,0.0136111111111111,1,0,2016,07-Dec-2015,11-Dec-2015 23:59:00,7199,6381,5494,1
20634,0.341968599033816,0.502777777777778,0.149184782608696,0.00606884057971015,0,0,2016,07-Dec-2015,29-Dec-2015 23:59:00,33119,27978,16853,1
19583,0.382152777777778,0.514583333333333,0.100625,0.00263888888888889,1,0,2016,02-Dec-2015,11-Dec-2015 23:59:00,14399,12913,7448,1
20004,0.229540598290598,0.585363247863248,0.167361111111111,0.0177350427350427,0,0,2016,05-Dec-2015,17-Dec-2015 23:59:00,18719,15255,11290,1
10617,0.170833333333333,0.721846064814815,0.0990451388888889,0.00827546296296296,0,0,2016,05-Dec-2015,28-Dec-2015 23:59:00,34559,30851,25233,1
21276,0.353985507246377,0.514975845410628,0.119323671497585,0.0117149758454106,0,0,2016,07-Dec-2015,29-Dec-2015 23:59:00,33119,28780,17444,1
19907,0.384288194444444,0.483246527777778,0.126822916666667,0.00564236111111111,1,0,2016,05-Dec-2015,12-Dec-2015 23:59:00,11519,9994,5632,1
19347,0.383333333333333,0.495601851851852,0.112577160493827,0.00848765432098765,1,0,2016,05-Dec-2015,13-Dec-2015 23:59:00,12959,11391,6533,1
20166,0.194907407407407,0.633796296296296,0.143287037037037,0.0280092592592593,1,0,2016,05-Dec-2015,07-Dec-2015 23:59:00,4319,3580,2859,1
19917,0.348705808080808,0.510164141414141,0.108680555555556,0.032449494949495,0,0,2016,07-Dec-2015,28-Dec-2015 23:59:00,31679,27209,17190,1
19819,0.154513888888889,0.723263888888889,0.109143518518519,0.0130787037037037,0,0,2016,08-Dec-2015,13-Dec-2015 23:59:00,8639,7584,6362,1
21599,0.0965277777777778,0.729861111111111,0.133333333333333,0.0402777777777778,0,0,2016,30-Dec-2015,30-Dec-2015 23:59:00,1439,1190,1109,1
21389,0.341550925925926,0.502256944444444,0.149305555555556,0.00688657407407407,0,0,2016,31-Dec-2015,11-Jan-2016 23:59:00,17279,14581,8798,2
20141,0.243948412698413,0.548313492063492,0.174305555555556,0.0334325396825397,0,0,2016,30-Dec-2015,05-Jan-2016 23:59:00,10079,7986,5864,2
12236,0.364149305555556,0.450289351851852,0.174913194444444,0.0106481481481481,0,0,2016,31-Dec-2015,23-Jan-2016 23:59:00,34559,28147,15930,1
21086,0.351537698412698,0.461309523809524,0.175992063492064,0.0111607142857143,0,0,2016,15-Dec-2015,28-Dec-2015 23:59:00,20159,16387,9525,1
19981,0.304305555555556,0.432569444444444,0.202708333333333,0.0604166666666667,0,0,2016,20-Dec-2015,29-Dec-2015 23:59:00,14399,10611,7099,1
21239,0.114953703703704,0.656296296296296,0.164166666666667,0.0645833333333333,0,0,2016,31-Dec-2015 12:00:00,15-Jan-2016 11:59:00,21599,16659,15571,1
21685,0.107512626262626,0.624810606060606,0.134343434343434,0.133333333333333,0,0,2016,31-Dec-2015 12:00:00,11-Jan-2016 11:59:00,15839,11600,12009,2
19243,0.156944444444444,0.640079365079365,0.152876984126984,0.0500992063492064,0,0,2016,15-Dec-2015,21-Dec-2015 23:59:00,10079,8034,6957,1
21222,0.294166666666667,0.418194444444444,0.208194444444444,0.0794444444444444,0,0,2016,20-Dec-2015,24-Dec-2015 23:59:00,7199,5129,3583,1
20866,0.311812594349795,0.485766659478111,0.194010135863705,0.00841061030838904,0,0,2016,20-Dec-2015,14-Jan-2016 18:15:00,37095,29587,18332,3
19943,0.0631944444444444,0.801388888888889,0.0701388888888889,0.0652777777777778,0,0,2016,15-Dec-2015,15-Dec-2015 23:59:00,1439,1245,1248,1
21923,0.162310606060606,0.691540404040404,0.127462121212121,0.0186868686868687,0,0,2016,03-Jan-2016,13-Jan-2016 23:59:00,15839,13525,11250,1
20739,0.181111111111111,0.562722222222222,0.214888888888889,0.0412777777777778,0,0,2016,03-Jan-2016,27-Jan-2016 23:59:00,35999,26778,21744,1
12007,0.257638888888889,0.42724358974359,0.292361111111111,0.0227564102564103,0,1,2014,2014-03-14 00:00:00,2014-03-26 23:59:00,18719,12821,8424,2
13039,0.13015873015873,0.634424603174603,0.216666666666667,0.01875,0,1,2014,2014-03-03 00:00:00,2014-03-09 23:59:00,10019,7707,6584,2
12825,0.122829861111111,0.526649305555556,0.331076388888889,0.0194444444444444,0,1,2014,2014-03-09 00:00:00,2014-03-16 23:59:00,11459,7482,6291,2
12364,0.191635101010101,0.488352272727273,0.301262626262626,0.01875,0,1,2014,2014-02-28 00:00:00,2014-03-21 23:59:00,31619,21542,16065,2
12576,0.181857638888889,0.458159722222222,0.347048611111111,0.0129340277777778,0,1,2014,2014-03-06 00:00:00,2014-03-13 23:59:00,11459,7373,5427,2
13466,0.0875,0.5546875,0.333333333333333,0.0244791666666667,0,1,2014,2014-03-12 00:00:00,2014-03-15 23:59:00,5759,3699,3336,2
13179,0.125,0.594065656565657,0.253030303030303,0.0279040404040404,0,1,2014,2014-03-03 00:00:00,2014-03-13 23:59:00,15779,11390,9852,2
22038,0.282383040935673,0.467251461988304,0.199232456140351,0.0511330409356725,0,0,2017,07-Nov-2016,25-Nov-2016 23:59:00,27359,20510,14183,1
20921,0.30343567251462,0.52390350877193,0.152631578947368,0.0200292397660819,0,0,2017,07-Nov-2016,25-Nov-2016 23:59:00,27359,22636,14882,1
20904,0.283522488440521,0.497793190416141,0.151919574050722,0.0667647470926159,0,0,2017,07-Nov-2016,26-Nov-2016 19:47:00,28547,22305,16117,1
20064,0.297716307494371,0.542103570279833,0.140591830170473,0.0195882920553233,0,0,2017,05-Nov-2016 09:50:18,26-Nov-2016 23:59:18,31149,26110,17463,1
21599,0.298740583804143,0.52531779661017,0.152601224105461,0.023340395480226,0,0,2017,07-Nov-2016,04-Jan-2017 23:59:00,84959,70012,46614,1
21389,0.294956140350877,0.529422514619883,0.143603801169591,0.0320175438596491,0,0,2017,07-Nov-2016,25-Nov-2016 23:59:00,27359,22555,15361,1
20729,0.135022325761988,0.564453504173947,0.27218015919239,0.0283440108716754,0,0,2017,07-Nov-2016,14-Nov-2016 03:41:00,10301,7206,6107,1
21332,0.295687134502924,0.53062865497076,0.146673976608187,0.0270102339181287,0,0,2017,07-Nov-2016,25-Nov-2016 23:59:00,27359,22608,15257,1
21299,0.323090277777778,0.483680555555556,0.161770833333333,0.0314583333333333,0,0,2017,07-Nov-2016,26-Nov-2016 23:59:00,28799,23235,14836,1
21086,0.338177083333333,0.487465277777778,0.138003472222222,0.0363541666666667,0,0,2017,07-Nov-2016,16-Dec-2016 23:59:00,57599,47557,30172,1
22089,0.256944444444444,0.504253472222222,0.204079861111111,0.0347222222222222,0,0,2017,06-Nov-2016,13-Nov-2016 23:59:00,11579,8769,6209,1
12177,0.263055555555556,0.413767361111111,0.2365625,0.0866145833333333,0,0,2017,07-Nov-2016,16-Dec-2016 23:59:00,57599,38985,28822,1
12348,0.32390350877193,0.494078947368421,0.16187865497076,0.0201388888888889,0,0,2017,07-Nov-2016,25-Nov-2016 23:59:00,27359,22380,14069,1
13114,0.352764675052411,0.54018605870021,0.0975890985324948,0.0094601677148847,0,0,2017,12-Nov-2016,03-Jan-2017 23:59:00,76319,68150,41949,1
19890,0.353472222222222,0.520399305555556,0.112777777777778,0.0133506944444444,0,0,2017,07-Nov-2016,16-Dec-2016 23:59:00,57599,50335,30744,1
22363,0.302156432748538,0.449488304093567,0.18859649122807,0.0597587719298246,0,0,2017,12-Nov-2016,30-Nov-2016 23:59:00,27359,20565,13933,1
13487,0.2553125,0.41875,0.2446875,0.08125,0,0,2017,06-Nov-2016,25-Nov-2016 23:59:00,28859,19413,14400,1
21333,0.330416666666667,0.549722222222222,0.113402777777778,0.00645833333333333,0,0,2017,06-Nov-2016,25-Nov-2016 23:59:00,28859,25348,16018,1
20914,0.335042735042735,0.518856837606838,0.139476495726496,0.00662393162393162,0,0,2017,06-Nov-2016,18-Nov-2016 23:59:00,18779,15985,9837,1
22465,0.356881313131313,0.498832070707071,0.138383838383838,0.00590277777777778,0,0,2017,06-Nov-2016,27-Nov-2016 23:59:00,31739,27109,15990,1
12613,0.319675925925926,0.460119047619048,0.173478835978836,0.0467261904761905,0,0,2017,06-Nov-2016,26-Nov-2016 23:59:00,30299,23581,15327,1
12678,0.0835905349794239,0.356430041152263,0.541512345679012,0.0184670781893004,0,1,2014,2014-08-31 00:00:00,2014-09-26 23:59:00,38879,17108,14576,4
19537,0.101643518518519,0.30349537037037,0.532962962962963,0.0618981481481481,0,1,2014,2014-08-26 00:00:00,2014-09-24 23:59:00,43199,17502,15785,4
12027,0.0837797619047619,0.404861111111111,0.491815476190476,0.0195436507936508,0,1,2014,2014-09-15 00:00:00,2014-09-28 23:59:00,20159,9851,8556,4
20495,0.0928921568627451,0.371078431372549,0.520179738562092,0.0158496732026144,0,1,2014,2014-09-10 00:00:00,2014-09-26 23:59:00,24479,11358,9472,4
12522,0.101461988304094,0.317726608187134,0.569956140350877,0.0108552631578947,0,1,2014,2014-08-28 00:00:00,2014-09-15 23:59:00,27359,11469,8990,4
19655,0.230625,0.270416666666667,0.443645833333333,0.0553125,1,1,2014,2014-09-03 00:00:00,2014-09-22 23:59:00,28799,14430,9381,4
12285,0.079203216374269,0.342580409356725,0.569517543859649,0.00869883040935673,1,1,2014,2014-08-26 00:00:00,2014-09-13 23:59:00,27359,11540,9611,4
12705,0.198941798941799,0.260582010582011,0.525363756613757,0.0151124338624339,0,1,2014,2014-09-09 00:00:00,2014-09-29 23:59:00,30239,13896,8337,4
19354,0.116355363984674,0.305651340996169,0.559315134099617,0.0186781609195402,0,1,2014,2014-08-29 00:00:00,2014-09-26 23:59:00,41759,17623,13544,4
13690,0.123504273504274,0.349759615384615,0.49866452991453,0.0280715811965812,0,1,2014,2014-09-03 00:00:00,2014-09-28 23:59:00,37439,17719,14146,4
13012,0.137319958847737,0.311162551440329,0.522736625514403,0.0287808641975309,1,1,2014,2014-08-26 00:00:00,2014-09-21 23:59:00,38879,17437,13217,4
19880,0.137326388888889,0.312282986111111,0.536935763888889,0.0134548611111111,0,1,2014,2014-08-26 00:00:00,2014-09-26 23:59:00,46079,20718,15010,4
11674,0.194502314814815,0.251244212962963,0.548148148148148,0.00610532407407407,1,1,2014,2014-09-03 00:00:00,2014-09-26 23:59:00,34559,15405,8894,4
19601,0.20025462962963,0.259606481481481,0.536273148148148,0.00386574074074074,0,1,2014,2014-08-28 00:00:00,2014-09-26 23:59:00,43199,19866,11382,4
13305,0.0119318181818182,0.404198232323232,0.260353535353535,0.323516414141414,1,1,2014,2014-08-26 00:00:00,2014-09-16 23:59:00,31679,13183,23054,4
19583,0.0718364197530864,0.379938271604938,0.482175925925926,0.0660493827160494,1,1,2014,2014-08-29 00:00:00,2014-09-06 23:59:00,12959,5855,5780,4
13179,0.113636363636364,0.324684343434343,0.53844696969697,0.0232323232323232,0,1,2014,2014-09-05 00:00:00,2014-09-26 23:59:00,31679,13886,11022,4
20155,0.0893880208333333,0.347395833333333,0.546223958333333,0.0169921875,0,1,2014,2014-08-26 00:00:00,2014-09-26 23:59:00,46079,20127,16791,4
11979,0.0919444444444444,0.379305555555556,0.445069444444444,0.0836805555555555,0,1,2014,2014-09-15 00:00:00,2014-09-24 23:59:00,14399,6786,6667,4
20796,0.095462962962963,0.468888888888889,0.412175925925926,0.0234722222222222,1,0,2015,17-Aug-2015,31-Aug-2015 23:59:00,21599,12190,10635,4
19769,0.153009259259259,0.366820987654321,0.43587962962963,0.0442901234567901,1,0,2015,16-Aug-2015,24-Aug-2015 23:59:00,12959,6737,5328,4
11534,0.0707407407407407,0.573888888888889,0.27625,0.0791203703703704,0,0,2015,17-Aug-2015,31-Aug-2015 23:59:00,21599,13924,14105,4
21004,0.088562091503268,0.458292483660131,0.372140522875817,0.0810049019607843,0,0,2015,16-Aug-2015,01-Sep-2015 23:59:00,24479,13387,13202,4
21003,0.0180555555555556,0.484722222222222,0.234104938271605,0.263117283950617,1,0,2015,16-Aug-2015,24-Aug-2015 23:59:00,12959,6516,9692,4
12003,0.131558641975309,0.385493827160494,0.394367283950617,0.0885802469135802,1,0,2015,16-Aug-2015,24-Aug-2015 23:59:00,12959,6701,6144,4
21279,0.251692708333333,0.299262152777778,0.438194444444444,0.0108506944444444,0,0,2015,16-Aug-2015,31-Aug-2015 23:59:00,23039,12694,7145,4
11256,0.211574074074074,0.240625,0.447222222222222,0.100578703703704,1,0,2015,16/08/2015 00:00:00.000,21/08/2015 23:59:00.000,8639,3907,2948,4
21393,0.0802951388888889,0.355902777777778,0.452170138888889,0.111631944444444,0,0,2015,17-Aug-2015,24-Aug-2015 23:59:00,11519,5025,5386,4
21997,0.133333333333333,0.370436507936508,0.421527777777778,0.074702380952381,0,0,2015,16/08/2015 00:00:00.000,22/08/2015 23:59:00.000,10079,5078,4487,4
21022,0.115972222222222,0.431944444444444,0.38125,0.0708333333333333,1,0,2015,16/08/2015 00:00:00.000,21/08/2015 23:59:00.000,8639,4734,4344,4
20198,0.147145061728395,0.335648148148148,0.403009259259259,0.114197530864198,0,0,2015,16-Aug-2015,24-Aug-2015 23:59:00,12959,6257,5830,4
20873,0.184722222222222,0.379861111111111,0.307638888888889,0.127777777777778,1,0,2015,16/08/2015 00:00:00.000,21/08/2015 23:59:00.000,8639,4878,4386,4
12364,0.104282407407407,0.529976851851852,0.310532407407407,0.0552083333333333,0,0,2015,16/08/2015 00:00:00.000,21/08/2015 23:59:00.000,8639,5480,5056,4
12678,0.0946759259259259,0.473225308641975,0.332098765432099,0.1,0,0,2015,03-Sep-2015,11-Sep-2015 23:59:00,12959,7360,7429,4
19537,0.0856770833333333,0.415625,0.439583333333333,0.0591145833333333,0,0,2015,04-Sep-2015,11-Sep-2015 23:59:00,11519,5775,5469,4
19740,0.131736111111111,0.418958333333333,0.411736111111111,0.0375694444444444,0,0,2015,03-Sep-2015,12-Sep-2015 23:59:00,14399,7930,6574,4
20495,0.124494949494949,0.403661616161616,0.436426767676768,0.0354166666666667,0,0,2015,03-Sep-2015,13-Sep-2015 23:59:00,15839,8366,6955,4
20729,0.0819444444444444,0.417447916666667,0.425607638888889,0.075,0,0,2015,04-Sep-2015,11-Sep-2015 23:59:00,11519,5753,5673,4
12285,0.0194444444444444,0.347916666666667,0.240972222222222,0.391666666666667,1,0,2015,04-Sep-2015,04-Sep-2015 23:59:00,1439,529,1065,4
10654,0.0982253086419753,0.412885802469136,0.441512345679012,0.0473765432098765,1,0,2015,03-Sep-2015,11-Sep-2015 23:59:00,12959,6624,5965,4
13012,0.114322916666667,0.377430555555556,0.438454861111111,0.0697916666666667,1,0,2015,04-Sep-2015,11-Sep-2015 23:59:00,11519,5665,5152,4
13130,0.0966049382716049,0.484722222222222,0.365432098765432,0.0532407407407407,1,0,2015,04-Sep-2015,12-Sep-2015 23:59:00,12959,7534,6972,4
19880,0.156558641975309,0.398842592592593,0.416898148148148,0.0277006172839506,0,0,2015,03-Sep-2015,11-Sep-2015 23:59:00,12959,7198,5528,4
19611,0.0826256438813866,0.422943060002784,0.45440623694835,0.0400250591674788,1,0,2015,04-Sep-2015,13-Sep-2015 23:25:00,14365,7263,6651,4
13305,0.0899691358024691,0.358641975308642,0.493827160493827,0.0575617283950617,1,0,2015,03-Sep-2015,11-Sep-2015 23:59:00,12959,5814,5394,4
20634,0.117447916666667,0.484288194444444,0.299565972222222,0.0986979166666667,0,0,2015,04-Sep-2015,11-Sep-2015 23:59:00,11519,6932,6716,4
19583,0.0956944444444444,0.460138888888889,0.356805555555556,0.0873611111111111,1,0,2015,07-Sep-2015,11-Sep-2015 23:59:00,7199,4002,3942,4
20923,0.243827160493827,0.320833333333333,0.428549382716049,0.00679012345679012,0,0,2015,03-Sep-2015,11-Sep-2015 23:59:00,12959,7318,4246,4
21325,0.106818181818182,0.553156565656566,0.313320707070707,0.0267045454545455,0,0,2015,14-Sep-2015,24-Sep-2015 23:59:00,15839,10454,9185,4
19769,0.211160714285714,0.257638888888889,0.452232142857143,0.078968253968254,1,0,2015,16-Sep-2015,29-Sep-2015 23:59:00,20159,9451,6786,4
12003,0.0947482638888889,0.453732638888889,0.374869791666667,0.0766493055555556,1,0,2015,14-Sep-2015,29-Sep-2015 23:59:00,23039,12637,12220,4
12522,0.0811507936507937,0.351984126984127,0.38422619047619,0.182638888888889,0,0,2015,14-Sep-2015,20-Sep-2015 23:59:00,10079,4366,5389,4
20836,0.247291666666667,0.331388888888889,0.40625,0.0150694444444444,0,0,2015,14-Sep-2015,23-Sep-2015 23:59:00,14399,8333,4989,4
11256,0.25,0.33599537037037,0.397164351851852,0.0168402777777778,1,0,2015,17-Sep-2015,28-Sep-2015 23:59:00,17279,10126,6097,4
21393,0.100848765432099,0.481018518518519,0.352006172839506,0.0661265432098765,0,0,2015,15-Sep-2015,23-Sep-2015 23:59:00,12959,7541,7091,4
21997,0.145833333333333,0.441964285714286,0.384424603174603,0.0277777777777778,0,0,2015,14-Sep-2015,20-Sep-2015 23:59:00,10079,5925,4735,4
21022,0.133472222222222,0.474236111111111,0.362777777777778,0.0295138888888889,1,0,2015,14-Sep-2015,23-Sep-2015 23:59:00,14399,8751,7254,4
20198,0.0800595238095238,0.347519841269841,0.36656746031746,0.205853174603175,0,0,2015,14-Sep-2015,20-Sep-2015 23:59:00,10079,4310,5578,4
20873,0.123717948717949,0.569284188034188,0.273611111111111,0.0333867521367521,1,0,2015,16-Sep-2015,28-Sep-2015 23:59:00,18719,12973,11282,4
20945,0.106095679012346,0.58233024691358,0.292592592592593,0.0189814814814815,0,0,2015,15-Sep-2015,23-Sep-2015 23:59:00,12959,8922,7793,4
19601,0.243181818181818,0.331186868686869,0.39229797979798,0.0333333333333333,0,0,2015,15-Sep-2015,25-Sep-2015 23:59:00,15839,9098,5774,4
20155,0.216087962962963,0.299884259259259,0.450694444444444,0.0333333333333333,0,0,2015,17-Sep-2015,28-Sep-2015 23:59:00,17279,8916,5758,4
20729,0.0944444444444444,0.444791666666667,0.405555555555556,0.0552083333333333,0,0,2015,26-Sep-2015,29-Sep-2015 23:59:00,5759,3106,2880,4
19611,0.0619791666666667,0.401041666666667,0.414236111111111,0.122743055555556,1,0,2015,26-Sep-2015,29-Sep-2015 23:59:00,5759,2667,3017,4
19583,0.0912037037037037,0.418287037037037,0.32037037037037,0.170138888888889,1,0,2015,27-Sep-2015,29-Sep-2015 23:59:00,4319,2201,2542,4
19565,0.254589371980676,0.45679347826087,0.266213768115942,0.0224033816425121,0,1,2014,2014-02-16 00:00:00,2014-03-10 23:59:00,33059,23561,15871,2
12678,0.236580882352941,0.508925653594771,0.243361928104575,0.0111315359477124,0,1,2014,2014-02-09 00:00:00,2014-03-14 23:59:00,48899,36500,25462,2
12007,0.231846525193604,0.509227597304636,0.234964296489993,0.0239615810117671,0,1,2014,2014-02-14 00:00:00,2014-03-13 14:51:00,39711,29474,21206,2
13048,0.22926245210728,0.500862068965517,0.265205938697318,0.00466954022988506,0,1,2014,2014-02-14 00:00:00,2014-03-14 23:59:00,41699,30490,21111,2
12705,0.243452380952381,0.485185185185185,0.246593915343915,0.0247685185185185,0,1,2014,2014-02-11 00:00:00,2014-03-03 23:59:00,30239,22034,15421,2
12825,0.133194444444444,0.62625,0.213333333333333,0.0272222222222222,0,1,2014,2014-02-17 00:00:00,2014-02-21 23:59:00,7199,5468,4705,2
19654,0.24937996031746,0.464632936507937,0.269642857142857,0.016344246031746,0,1,2014,2014-02-17 00:00:00,2014-03-16 23:59:00,40259,28789,19393,2
19694,0.122048611111111,0.6703125,0.166493055555556,0.0411458333333333,0,1,2014,2014-02-10 00:00:00,2014-02-13 23:59:00,5759,4564,4098,2
12364,0.262268518518519,0.468171296296296,0.229668209876543,0.039891975308642,0,1,2014,2014-02-09 00:00:00,2014-02-26 23:59:00,25919,18933,13169,2
11983,0.075,0.738194444444444,0.15,0.0368055555555556,0,1,2014,2014-02-16 00:00:00,2014-02-16 23:59:00,1439,1171,1116,2
19884,0.129042022792023,0.535630341880342,0.300694444444444,0.0346331908831909,0,1,2014,2014-02-18 00:00:00,2014-03-28 23:59:00,56099,37328,32026,2
12576,0.272587719298246,0.487719298245614,0.229897660818713,0.0097953216374269,0,1,2014,2014-02-14 00:00:00,2014-03-04 23:59:00,27359,20802,13612,2
13466,0.209548611111111,0.592274305555556,0.195399305555556,0.00277777777777778,0,1,2014,2014-02-15 00:00:00,2014-02-22 23:59:00,11519,9237,6855,2
19748,0.202864583333333,0.606597222222222,0.1859375,0.00460069444444444,0,1,2014,2014-02-17 00:00:00,2014-02-24 23:59:00,11519,9325,7041,2
12209,0.197348484848485,0.567487373737374,0.223106060606061,0.0120580808080808,0,1,2014,2014-02-14 00:00:00,2014-02-24 23:59:00,15839,12115,9180,2
13179,0.249817251461988,0.49422514619883,0.22843567251462,0.0275219298245614,0,1,2014,2014-02-11 00:00:00,2014-03-01 23:59:00,27359,20357,14275,2
21389,0.296875,0.433854166666667,0.262847222222222,0.00642361111111111,0,0,2016,26-Feb-2016,29-Feb-2016 23:59:00,5759,4209,2536,2
20729,0.270803140096618,0.337832125603865,0.292119565217391,0.0992451690821256,0,0,2016,26-Feb-2016,19-Mar-2016 23:59:00,33059,20158,14476,2
19880,0.180092592592593,0.566203703703704,0.219791666666667,0.033912037037037,0,0,2016,26-Feb-2016,02-Mar-2016 23:59:00,8639,6448,5185,2
20634,0.147222222222222,0.628935185185185,0.192824074074074,0.0310185185185185,0,0,2016,26-Feb-2016,28-Feb-2016 23:59:00,4319,3353,2851,2
20729,0.303735632183908,0.458596743295019,0.167289272030651,0.0703783524904215,0,0,2017,24-Feb-2017,24-Mar-2017 23:59:00,41699,31835,22090,2
21332,0.308698830409357,0.391995614035088,0.282090643274854,0.0172149122807018,0,0,2017,26-Mar-2017,13-Apr-2017 23:59:00,27359,19171,11196,2
21387,0.199880268199234,0.619228927203065,0.156824712643678,0.024066091954023,0,0,2017,24-Feb-2017,24-Mar-2017 23:59:00,41699,34206,26864,2
19981,0.274928774928775,0.45238603988604,0.233885327635328,0.0387998575498575,0,0,2017,24-Feb-2017,03-Apr-2017 23:59:00,56099,40846,27585,2
21468,0.333217592592593,0.47025462962963,0.155208333333333,0.0413194444444444,0,0,2017,24-Feb-2017,01-Mar-2017 23:59:00,8639,6942,4420,2
12653,0.310474537037037,0.550347222222222,0.123900462962963,0.0152777777777778,0,0,2017,25-Feb-2017,20-Mar-2017 23:59:00,34499,29750,19548,2
20139,0.232052951388889,0.631770833333333,0.112521701388889,0.0236545138888889,0,0,2017,16-Jan-2017,16-Feb-2017 23:59:00,46079,39805,30202,1
13401,0.396527777777778,0.481696428571429,0.114186507936508,0.00758928571428571,0,0,2017,16-Jan-2017,29-Jan-2017 23:59:00,20159,17705,9864,1
20986,0.380952380952381,0.471478174603175,0.127331349206349,0.0202380952380952,0,0,2017,16-Jan-2017,29-Jan-2017 23:59:00,20159,17185,9913,1
21389,0.332862103174603,0.523759920634921,0.133705357142857,0.00967261904761905,0,0,2017,15-Jan-2017,11-Feb-2017 23:59:00,40319,34539,21508,1
21823,0.302232142857143,0.54890873015873,0.132440476190476,0.0164186507936508,0,0,2017,15-Jan-2017,11-Feb-2017 23:59:00,40319,34318,22794,1
21239,0.24656339031339,0.442111823361823,0.201762820512821,0.109561965811966,0,0,2017,15-Jan-2017,22-Feb-2017 23:59:00,56159,38676,30982,1
20077,0.287164750957854,0.457519157088123,0.171240421455939,0.0840756704980843,0,0,2017,25-Jan-2017,22-Feb-2017 23:59:00,41759,31098,22617,2
11957,0.198305555555556,0.569194444444444,0.114888888888889,0.117611111111111,0,0,2017,25-Jan-2017,18-Feb-2017 23:59:00,35999,27630,24725,2
12018,0.329477326149539,0.521921136729789,0.138472915511185,0.0101286216094868,0,0,2017,16-Jan-2017,09-Mar-2017 14:05:00,75725,64473,40290,2
13179,0.120977011494253,0.657854406130268,0.15301724137931,0.0681513409961686,0,0,2017,25-Jan-2017,22-Feb-2017 23:59:00,41759,32524,30318,2
20904,0.262152777777778,0.518669871794872,0.129700854700855,0.0894764957264957,0,0,2017,19-Dec-2016,13-Jan-2017 23:59:00,37439,29234,22769,3
19815,0.286710858585859,0.480765993265993,0.171454124579125,0.0610690235690236,0,0,2017,19-Dec-2016,22-Feb-2017 23:59:00,95039,72941,51496,2
21355,0.339652777777778,0.55375,0.0856944444444444,0.0209027777777778,0,0,2017,19-Dec-2016,07-Jan-2017 23:59:00,28799,25730,16550,4
20729,0.361011904761905,0.530092592592593,0.0999338624338624,0.00896164021164021,0,0,2017,18-Dec-2016,07-Jan-2017 23:59:00,30239,26947,16301,4
21332,0.353392094017094,0.51340811965812,0.105128205128205,0.0280715811965812,0,0,2017,19-Dec-2016,13-Jan-2017 23:59:00,37439,32453,20273,3
20223,0.342241379310345,0.510632183908046,0.130986590038314,0.016139846743295,0,0,2017,19-Dec-2016,16-Jan-2017 23:59:00,41759,35616,21998,3
22068,0.304371843434343,0.554482323232323,0.134311868686869,0.00683396464646465,0,0,2017,19-Dec-2016,31-Jan-2017 23:59:00,63359,54417,35565,2
19890,0.234613715277778,0.606966145833333,0.123025173611111,0.0353949652777778,0,0,2017,31-Dec-2016,31-Jan-2017 23:59:00,46079,38780,29600,1
13487,0.348726851851852,0.428125,0.176666666666667,0.0464814814814815,0,0,2017,02-Jan-2017,31-Jan-2017 23:59:00,43199,33560,20503,1
20712,0.17885101010101,0.691666666666667,0.11344696969697,0.0160353535353535,0,0,2017,22-Dec-2016,01-Jan-2017 23:59:00,15839,13789,11210,1
20914,0.179828042328042,0.368353174603175,0.232969576719577,0.218849206349206,0,0,2017,18-Dec-2016,07-Jan-2017 23:59:00,30239,16577,17757,4
22465,0.320701058201058,0.556646825396825,0.105191798941799,0.0174603174603175,0,0,2017,18-Dec-2016,07-Jan-2017 23:59:00,30239,26531,17361,4
21923,0.331117724867725,0.47337962962963,0.156812169312169,0.0386904761904762,0,0,2017,18-Dec-2016,07-Jan-2017 23:59:00,30239,24328,15485,4
20169,0.352638888888889,0.470194444444444,0.14475,0.0324166666666667,0,0,2017,18-Dec-2016,11-Jan-2017 23:59:00,35999,29622,18094,3
12148,0.134821428571429,0.699537037037037,0.107638888888889,0.0580026455026455,0,0,2017,22-Dec-2016,11-Jan-2017 23:59:00,30239,25231,22908,3
13258,0.314952256944444,0.467708333333333,0.169097222222222,0.0482421875,0,0,2017,31-Dec-2016,31-Jan-2017 23:59:00,46079,36065,23775,1
12678,0.0513888888888889,0.607638888888889,0.275694444444444,0.0652777777777778,0,1,2014,2014-03-16 00:00:00,2014-03-16 23:59:00,1439,949,969,2
13048,0.127430555555556,0.498900462962963,0.357407407407407,0.0162615740740741,0,1,2014,2014-03-16 00:00:00,2014-03-27 23:59:00,17279,10823,8902,2
12705,0.27937091503268,0.392361111111111,0.314501633986928,0.013766339869281,0,1,2014,2014-03-18 00:00:00,2014-04-03 23:59:00,24479,16444,9942,2
19874,0.0664930555555556,0.527604166666667,0.326388888888889,0.0795138888888889,0,1,2014,2014-03-25 00:00:00,2014-03-28 23:59:00,5759,3422,3497,2
12542,0.0908333333333333,0.563055555555556,0.305833333333333,0.0402777777777778,0,1,2014,2014-03-22 00:00:00,2014-03-26 23:59:00,7199,4708,4344,2
12576,0.0763888888888889,0.570833333333333,0.297916666666667,0.0548611111111111,0,1,2014,2014-03-17 00:00:00,2014-03-18 23:59:00,2879,1864,1802,2
13466,0.0992283950617284,0.565895061728395,0.313117283950617,0.0217592592592593,0,1,2014,2014-03-17 00:00:00,2014-03-25 23:59:00,12959,8620,7616,2
13179,0.0843325866385558,0.64791145078403,0.239030175253657,0.0287257873237581,0,1,2014,2014-03-20 17:31:47,2014-03-25 23:59:47,7588,5557,5135,2
21393,0.371527777777778,0.507604166666667,0.0998611111111111,0.0210069444444444,0,0,2017,27-Nov-2016,16-Dec-2016 23:59:00,28799,25319,15224,1
21387,0.317799707602339,0.542836257309942,0.108296783625731,0.0310672514619883,0,0,2017,28-Nov-2016,16-Dec-2016 23:59:00,27359,23547,15702,1
19882,0.378645833333333,0.519826388888889,0.0906597222222222,0.0108680555555556,0,0,2017,27-Nov-2016,16-Dec-2016 23:59:00,28799,25876,15284,1
19981,0.320358187134503,0.524780701754386,0.123099415204678,0.0317616959064327,0,0,2017,28-Nov-2016,16-Dec-2016 23:59:00,27359,23123,15227,1
12747,0.12717803030303,0.639583333333333,0.15145202020202,0.0817866161616162,0,0,2017,27-Nov-2016,18-Dec-2016 23:59:00,31679,24291,22853,1
21247,0.33358918128655,0.543384502923977,0.101461988304094,0.0215643274853801,0,0,2017,28-Nov-2016,16-Dec-2016 23:59:00,27359,23994,15457,1
20004,0.365892094017094,0.411565170940171,0.162366452991453,0.0601762820512821,0,0,2017,02-Dec-2016,27-Dec-2016 23:59:00,37439,29108,17662,1
20199,0.333506944444444,0.527430555555556,0.108854166666667,0.0302083333333333,0,0,2017,28-Nov-2016,01-Dec-2016 23:59:00,5759,4959,3212,1
21367,0.341422672672673,0.535867117117117,0.102552552552553,0.0201576576576577,0,0,2017,28-Nov-2016,03-Jan-2017 23:59:00,53279,46742,29625,1
19905,0.381025985663082,0.505141129032258,0.104984318996416,0.00884856630824373,0,0,2017,27-Nov-2016,27-Jan-2017 23:59:00,89279,79117,45889,3
21331,0.283570460704607,0.51039972899729,0.121341463414634,0.0846883468834688,0,0,2017,28-Nov-2016,07-Jan-2017 23:59:00,59039,46876,35134,4
20739,0.321436838624339,0.45359623015873,0.164219576719577,0.0607473544973545,0,0,2017,29-Nov-2016,20-Feb-2017 23:59:00,120959,93748,62215,3
13401,0.179513888888889,0.572718253968254,0.193650793650794,0.0541170634920635,0,0,2016,11-Mar-2016,24-Mar-2016 23:59:00,20099,15165,12637,2
21599,0.377876984126984,0.353819444444444,0.256150793650794,0.0121527777777778,0,0,2016,11-Mar-2016,24-Mar-2016 23:59:00,20099,14751,7378,2
21487,0.128444168220427,0.482938234336618,0.292639616443221,0.0959779809997336,0,0,2016,20-Mar-2016 12:51:13,12-Apr-2016 23:59:13,33788,20658,19561,2
12236,0.12588141025641,0.511752136752137,0.207852564102564,0.154513888888889,0,0,2016,25-Mar-2016,19-Apr-2016 23:59:00,37439,23873,24945,2
20871,0.0409722222222222,0.711111111111111,0.209027777777778,0.0388888888888889,0,0,2016,25/03/2016 00:00:00.000,25/03/2016 23:59:00.000,1439,1083,1080,2
19981,0.119270833333333,0.624479166666667,0.216319444444444,0.0399305555555556,0,0,2016,21-Mar-2016,24-Mar-2016 23:59:00,5759,4284,3827,2
12445,0.0803743961352657,0.608182367149758,0.200150966183575,0.111292270531401,0,0,2016,21-Mar-2016,12-Apr-2016 23:59:00,33119,22805,23829,2
19976,0.181130648515787,0.566411419928153,0.191907733030819,0.0605501985252411,0,0,2016,11-Mar-2016,25-Mar-2016 16:35:00,21095,15815,13264,2
19905,0.202854938271605,0.576697530864198,0.18587962962963,0.0345679012345679,0,0,2016,11-Mar-2016,19-Mar-2016 23:59:00,12899,10103,7922,2
21355,0.22633547008547,0.381944444444444,0.381837606837607,0.00988247863247863,0,0,2016,14-Sep-2016,26-Sep-2016 23:59:00,18719,11387,7335,4
12236,0.189636752136752,0.330074786324786,0.416666666666667,0.0636217948717949,0,0,2016,06-Sep-2016,18-Sep-2016 23:59:00,18719,9729,7370,4
19882,0.191880341880342,0.294978632478632,0.417735042735043,0.0954059829059829,0,0,2016,14-Sep-2016,26-Sep-2016 23:59:00,18719,9114,7308,4
20873,0.24107905982906,0.353151709401709,0.375373931623932,0.0303952991452991,1,0,2016,06-Sep-2016,18-Sep-2016 23:59:00,18719,11124,7180,4
19880,0.218055555555556,0.373504273504274,0.353525641025641,0.0549145299145299,0,0,2016,14-Sep-2016,26-Sep-2016 23:59:00,18719,11074,8020,4
21223,0.130608974358974,0.424893162393162,0.384561965811966,0.0599358974358974,1,0,2016,06-Sep-2016,18-Sep-2016 23:59:00,18719,10399,9076,4
21468,0.0746913580246914,0.41875,0.376697530864198,0.129861111111111,0,0,2016,06-Sep-2016,14-Sep-2016 23:59:00,12959,6395,7110,4
21222,0.217279411764706,0.318831699346405,0.39375,0.0701388888888889,0,0,2016,06-Sep-2016,22-Sep-2016 23:59:00,24479,13124,9522,4
20866,0.235683760683761,0.33301282051282,0.407745726495726,0.0235576923076923,0,0,2016,06-Sep-2016,18-Sep-2016 23:59:00,18719,10646,6675,4
20997,0.119444444444444,0.477916666666667,0.205277777777778,0.197361111111111,1,0,2016,06-Sep-2016,10-Sep-2016 23:59:00,7199,4301,4862,4
22049,0.16741452991453,0.468803418803419,0.302190170940171,0.0615918803418803,0,0,2016,14-Sep-2016,26-Sep-2016 23:59:00,18719,11910,9929,4
20750,0.0788194444444444,0.469166666666667,0.267222222222222,0.184791666666667,0,0,2015,08/07/2015 00:00:00.000,17/07/2015 23:59:00.000,14399,7891,9417,3
19509,0.0814043209876543,0.419058641975309,0.428780864197531,0.0707561728395062,1,0,2015,09/07/2015 00:00:00.000,17/07/2015 23:59:00.000,12959,6486,6348,3
13205,0.123333333333333,0.481805555555556,0.261319444444444,0.133541666666667,0,0,2015,08/07/2015 00:00:00.000,17/07/2015 23:59:00.000,14399,8714,8861,3
20364,0.131712962962963,0.472993827160494,0.327623456790123,0.0676697530864198,1,0,2015,09/07/2015 00:00:00.000,17/07/2015 23:59:00.000,12959,7837,7007,3
20389,0.046875,0.511388888888889,0.283194444444444,0.158541666666667,1,0,2015,08/07/2015 00:00:00.000,17/07/2015 23:59:00.000,14399,8039,9647,3
11818,0.0587962962962963,0.488734567901235,0.261033950617284,0.191435185185185,0,0,2015,09/07/2015 00:00:00.000,17/07/2015 23:59:00.000,12959,7096,8815,3
21465,0.0375694444444444,0.379097222222222,0.304861111111111,0.278472222222222,1,0,2015,08/07/2015 00:00:00.000,17/07/2015 23:59:00.000,14399,6000,9469,3
21370,0.0613425925925926,0.445524691358025,0.374151234567901,0.118981481481481,0,0,2015,09/07/2015 00:00:00.000,17/07/2015 23:59:00.000,12959,6569,7316,3
20317,0.0392361111111111,0.483402777777778,0.261111111111111,0.21625,0,0,2015,20/07/2015 00:00:00.000,29/07/2015 23:59:00.000,14399,7526,10075,3
20439,0.0609567901234568,0.462345679012346,0.36141975308642,0.115277777777778,1,0,2015,21-Jul-2015,29-Jul-2015 23:59:00,12959,6782,7486,3
20241,0.0518055555555556,0.505694444444444,0.316805555555556,0.125694444444444,1,0,2015,20/07/2015 00:00:00.000,29/07/2015 23:59:00.000,14399,8028,9092,3
11459,0.0927469135802469,0.406635802469136,0.38233024691358,0.118287037037037,0,0,2015,21/07/2015 00:00:00.000,29/07/2015 23:59:00.000,12959,6472,6803,3
20046,0.123842592592593,0.381481481481481,0.439429012345679,0.0552469135802469,1,0,2015,21/07/2015 00:00:00.000,29/07/2015 23:59:00.000,12959,6549,5660,3
20047,0.0865740740740741,0.439429012345679,0.42662037037037,0.0473765432098765,0,0,2015,21/07/2015 00:00:00.000,29/07/2015 23:59:00.000,12959,6817,6309,3
21965,0.0908950617283951,0.442824074074074,0.430246913580247,0.0360339506172839,0,0,2015,21/07/2015 00:00:00.000,29/07/2015 23:59:00.000,12959,6917,6206,3
20760,0.0517361111111111,0.528055555555556,0.287291666666667,0.132916666666667,1,0,2015,20-Jul-2015,29-Jul-2015 23:59:00,14399,8349,9518,3
12678,0.135195707070707,0.545486111111111,0.244381313131313,0.0749368686868687,0,0,2015,23/01/2015 00:00:00.000,13/02/2015 23:59:00.000,31679,21564,19655,1
12003,0.32962962962963,0.50474537037037,0.161226851851852,0.00439814814814815,1,0,2015,25/01/2015 00:00:00.000,30/01/2015 23:59:00.000,8639,7209,4399,1
20495,0.10162037037037,0.722685185185185,0.163657407407407,0.012037037037037,0,0,2015,30/01/2015 00:00:00.000,01/02/2015 23:59:00.000,4319,3561,3174,1
12522,0.179822530864198,0.563464506172839,0.23587962962963,0.0208333333333333,0,0,2015,25/01/2015 00:00:00.000,11/02/2015 23:59:00.000,25919,19266,15145,1
19880,0.137239583333333,0.614496527777778,0.212326388888889,0.0359375,0,0,2015,02-Feb-2015 07:20:00,10-Feb-2015 07:19:00,11519,8660,7493,2
19611,0.141224747474747,0.655050505050505,0.17739898989899,0.0263257575757576,1,0,2015,25/01/2015 00:00:00.000,04/02/2015 23:59:00.000,15839,12613,10793,1
19267,0.320179738562091,0.427410130718954,0.227777777777778,0.0246323529411765,1,0,2015,27/01/2015 00:00:00.000,12/02/2015 23:59:00.000,24479,18301,11066,1
13305,0.131818181818182,0.649368686868687,0.201262626262626,0.017550505050505,1,0,2015,23/01/2015 00:00:00.000,02/02/2015 23:59:00.000,15839,12374,10564,1
19583,0.324801587301587,0.435185185185185,0.231779100529101,0.00823412698412698,1,0,2015,23/01/2015 00:00:00.000,12/02/2015 23:59:00.000,30239,22982,13409,1
13179,0.308049242424242,0.408554292929293,0.271433080808081,0.0119633838383838,0,0,2015,23/01/2015 00:00:00.000,13/02/2015 23:59:00.000,31679,22702,13322,1
20155,0.192266414141414,0.511079545454545,0.271748737373737,0.024905303030303,0,0,2015,29/01/2015 00:00:00.000,19/02/2015 23:59:00.000,31679,22282,16980,2
10999,0.158289007092199,0.44113475177305,0.375265957446809,0.0253102836879433,0,1,2014,2014-05-20 00:00:00,2014-07-05 23:59:00,67679,40569,31569,3
10990,0.172291666666667,0.344930555555556,0.449756944444444,0.0330208333333333,0,1,2014,2014-05-18 06:20:00,2014-06-07 06:19:00,28799,14896,10885,3
10418,0.148194444444444,0.374340277777778,0.357673611111111,0.119791666666667,0,1,2014,2014-05-19 00:00:00,2014-06-07 23:59:00,28799,15049,14231,3
12733,0.140608465608466,0.458509700176367,0.386761463844797,0.0141203703703704,0,1,2014,2014-05-18 00:00:00,2014-07-19 23:59:00,90719,54352,42877,3
11699,0.150591985428051,0.406637067395264,0.403494990892532,0.039275956284153,0,1,2014,2014-05-20 00:00:00,2014-07-19 23:59:00,87839,48947,39169,3
10942,0.129253472222222,0.368880208333333,0.368836805555556,0.133029513888889,0,1,2014,2014-05-19 00:00:00,2014-06-03 23:59:00,23039,11477,11564,3
13037,0.0616769547325103,0.516898148148148,0.274254115226337,0.147170781893004,0,1,2014,2014-05-21 00:00:00,2014-06-16 23:59:00,38879,22495,25819,3
11466,0.038283096926714,0.449527186761229,0.300384160756501,0.211805555555556,0,1,2014,2014-05-20 00:00:00,2014-07-05 23:59:00,67679,33015,44759,3
11914,0.113071895424837,0.381924019607843,0.47375408496732,0.03125,0,1,2014,2014-05-18 00:00:00,2014-06-20 23:59:00,48959,24235,20229,3
13036,0.144545717592593,0.435170717592593,0.403761574074074,0.0165219907407407,0,1,2014,2014-05-19 00:00:00,2014-07-05 23:59:00,69119,40070,31221,3
12730,0.080420054200542,0.462872628726287,0.300609756097561,0.15609756097561,0,1,2014,2014-05-18 07:00:00,2014-06-28 06:59:00,59039,32076,36544,3
12326,0.180050505050505,0.322327441077441,0.471506734006734,0.0261153198653199,0,1,2014,2014-05-19 00:00:00,2014-06-20 23:59:00,47519,23873,16558,3
11940,0.1959229390681,0.36823476702509,0.404413082437276,0.031429211469534,0,1,2014,2014-05-19 00:00:00,2014-07-19 23:59:00,89279,50368,35682,3
12047,0.0486111111111111,0.464197530864198,0.257677469135802,0.229513888888889,0,1,2014,2014-05-21 00:00:00,2014-06-07 23:59:00,25919,13292,17981,3
11870,0.038048835125448,0.422087813620072,0.279614695340502,0.260248655913978,0,1,2014,2014-05-19 00:00:00,2014-07-19 23:59:00,89279,41081,60919,3
12313,0.157718253968254,0.41202380952381,0.395813492063492,0.0344444444444444,0,1,2014,2014-05-20 00:00:00,2014-06-23 23:59:00,50399,28715,22502,3
10990,0.0351254480286738,0.446953405017921,0.276971326164875,0.24094982078853,0,1,2014,2014-07-07 00:00:00,2014-08-06 23:59:00,44639,21520,30708,3
13034,0.126799242424242,0.415798611111111,0.348800505050505,0.108601641414141,0,1,2014,2014-06-23 00:00:00,2014-08-05 23:59:00,63359,34379,33226,3
12608,0.0355461393596987,0.43200329566855,0.263370998116761,0.269079566854991,0,1,2014,2014-06-23 00:00:00,2014-08-20 23:59:00,84959,39723,59564,3
11466,0.211206896551724,0.250383141762452,0.508093869731801,0.030316091954023,0,1,2014,2014-07-23 00:00:00,2014-08-20 23:59:00,41759,19276,11722,3
11914,0.0789701092375529,0.382486539185925,0.474020074893089,0.0645232766834327,0,1,2014,2014-07-05 15:49:30,2014-08-05 23:59:30,45130,20826,20174,3
12326,0.048,0.469527272727273,0.25430303030303,0.228169696969697,0,1,2014,2014-07-05 16:15:55,2014-07-19 23:59:55,20624,10674,14390,3
12313,0.148854538599721,0.399547581557295,0.394358075890976,0.0572398039520082,0,1,2014,2014-07-05 16:29:10,2014-08-05 23:59:10,45090,24728,20597,3
20488,0.0497916666666667,0.406736111111111,0.256180555555556,0.287291666666667,1,0,2015,2015-07-08 00:00:00,2015-07-17 23:59:00,14399,6574,9994,3
11729,0.151851851851852,0.430555555555556,0.270601851851852,0.146990740740741,1,0,2015,2015-07-08 00:00:00,2015-07-10 23:59:00,4319,2516,2495,3
20766,0.0944444444444444,0.397708333333333,0.319861111111111,0.187986111111111,1,0,2015,2015-07-08 00:00:00,2015-07-17 23:59:00,14399,7087,8434,3
19531,0.0776388888888889,0.461319444444444,0.244930555555556,0.216111111111111,0,0,2015,2015-07-08 00:00:00,2015-07-17 23:59:00,14399,7761,9755,3
21465,0.0827777777777778,0.45125,0.271666666666667,0.194305555555556,0,0,2015,2015-07-08 00:00:00,2015-07-17 23:59:00,14399,7690,9296,3
21473,0.135902777777778,0.427222222222222,0.400347222222222,0.0365277777777778,0,0,2015,2015-07-08 00:00:00,2015-07-17 23:59:00,14399,8109,6678,3
21240,0.288304035157811,0.418647622852577,0.253495805033959,0.0395525369556532,0,1,2019,04/04/2019 13:34:40.000,18/04/2019 11:17:40.000,20023,14156,9175,2
21964,0.245171773444754,0.437372330547818,0.260213556174559,0.0572423398328691,0,1,2019,07/04/2019 12:11:56.000,22/04/2019 11:10:56.000,21539,14702,10654,2
22506,0.263876590390082,0.413990772242159,0.303956750710724,0.018175886657035,0,1,2019,08/04/2019 12:12:30.000,23/04/2019 09:48:30.000,21456,14545,9273,2
22671,0.322283770227243,0.4184585859467,0.242465215684564,0.0167924281414926,0,1,2019,03/04/2019 12:26:49.000,19/04/2019 10:32:49.000,22926,16983,9979,2
23523,0.226426336958141,0.330850588410547,0.358309747256567,0.0844133273747455,0,1,2019,09/04/2019 12:15:45.000,23/04/2019 11:53:45.000,20138,11223,8363,2
21816,0.242147181925312,0.394327278637897,0.301028079158032,0.0624974602787598,0,1,2019,08/04/2019 09:40:26.000,25/04/2019 11:48:26.000,24608,15663,11242,2
22803,0.334188554531223,0.355627065576622,0.286658549312924,0.0235258305792312,0,1,2019,23/04/2019 12:00:35.000,09/05/2019 11:15:35.000,22995,15863,8719,2
19421,0.320383946791626,0.417806666162799,0.252815357871665,0.00899402917390976,0,1,2019,27/04/2019 11:15:25.000,06/05/2019 15:45:25.000,13230,9767,5647,2
20033,0.257587037442522,0.340223341361944,0.35182833369827,0.050361287497263,0,1,2019,28/04/2019 12:24:25.000,14/05/2019 08:58:25.000,22834,13651,8919,2
19508,0.362250217202433,0.312988705473501,0.290008688097307,0.0347523892267593,0,1,2019,25/04/2019 11:02:09.000,11/05/2019 10:41:09.000,23019,15544,8005,2
22462,0.244983667755483,0.360429304713019,0.323005132991134,0.071581894540364,0,1,2019,27/04/2019 12:15:24.000,12/05/2019 09:24:24.000,21429,12974,9258,2
22450,0.251343562582756,0.331256328374484,0.373938780278838,0.0434613287639224,0,1,2019,25/04/2019 11:37:36.000,13/05/2019 07:34:36.000,25677,14960,9622,2
23252,0.105823797562564,0.553307284398549,0.159828821285701,0.181040096753186,0,1,2019,30/04/2019 12:13:21.000,15/05/2019 10:30:21.000,21497,14170,15787,3
21961,0.23558149589278,0.276178123648941,0.397319498486814,0.0909208819714656,0,1,2019,05/05/2019 10:18:48.000,21/05/2019 11:47:48.000,23129,11837,8491,3
23341,0.262248202195214,0.302157365742882,0.329955002312965,0.105639429748938,1,1,2019,13/05/2019 11:33:42.000,15/06/2019 12:10:42.000,47557,26842,19394,3
21922,0.29018485915493,0.393882042253521,0.297403169014085,0.0185299295774648,0,1,2019,13/05/2019 14:06:03.000,29/05/2019 08:45:03.000,22719,15542,9370,3
20603,0.214469217359391,0.488668685200477,0.220570694559134,0.0762914028809983,0,1,2019,14/05/2019 09:36:50.000,29/05/2019 12:53:50.000,21797,15327,12315,3
21965,0.225068119891008,0.347995328921759,0.351109381082133,0.0758271701050993,0,1,2019,13/05/2019 12:12:25.000,22/05/2019 10:16:25.000,12844,7361,5444,3
21949,0.279416531604538,0.337871420853593,0.33484602917342,0.0478660183684495,0,1,2019,20/05/2019 09:06:43.000,26/05/2019 19:20:43.000,9254,5713,3570,3
21398,0.265788278055429,0.348023625624716,0.352339845524761,0.0338482507950931,0,1,2019,19/05/2019 08:46:09.000,25/05/2019 11:29:09.000,8803,5404,3362,3
23927,0.169051352410819,0.445609564876519,0.291650333202666,0.0936887495099961,0,1,2019,20/05/2019 09:04:58.000,27/05/2019 11:07:58.000,10203,6272,5503,3
23866,0.140158305524146,0.439256460464988,0.319975730163546,0.100609503847321,1,1,2019,22/05/2019 11:32:23.000,16/06/2019 15:50:23.000,36258,21009,19575,3
20488,0.223297730307076,0.484921071232231,0.216857771145842,0.0749234273148512,1,1,2019,22/05/2019 11:33:38.000,26/06/2019 20:24:38.000,50931,36071,28514,3
22290,0.13853689702907,0.537332649248313,0.191614795597332,0.132515658125284,1,1,2019,23/05/2019 14:50:18.000,03/08/2019 08:30:18.000,103300,69818,69196,3
23956,0.15169647553919,0.432732772225145,0.260915307732772,0.154655444502893,1,1,2019,26/05/2019 10:17:18.000,16/06/2019 13:12:18.000,30415,17776,17866,3
23904,0.122168175471783,0.537449894158447,0.234968247534117,0.105413682835653,1,1,2019,25/05/2019 13:02:14.000,25/06/2019 09:07:14.000,44405,29291,28547,3
21953,0.318673182289353,0.386297448047781,0.265659706796979,0.0293696628658868,1,1,2019,27/05/2019 08:11:29.000,10/06/2019 09:49:29.000,20258,14282,8421,3
23894,0.152645445911584,0.430853834134984,0.286771238626268,0.129729481327165,1,1,2019,28/05/2019 22:37:21.000,13/07/2019 06:38:21.000,65281,38092,36596,3
21944,0.200066360670243,0.402101421224354,0.249383398772328,0.148448819333075,1,1,2019,29/05/2019 14:01:31.000,31/07/2019 08:55:31.000,90414,54445,49778,3
20760,0.0823910353128655,0.541407428755489,0.207910217505552,0.168291318426094,1,1,2019,30/05/2019 12:50:56.000,10/07/2019 11:56:56.000,58986,36796,41863,3
23867,0.2043693212186,0.41934460181721,0.309493586317477,0.066792490646713,1,1,2019,03/06/2019 20:24:45.000,15/07/2019 10:15:45.000,59871,37343,29106,3
23787,0.0733348525706762,0.491492270880018,0.245667008495069,0.189505868054237,1,1,2019,08/06/2019 17:57:06.000,26/09/2019 10:50:06.000,157973,89228,107580,3
23869,0.0830545674714297,0.448005751910997,0.256512525543026,0.212427155074548,1,1,2019,28/06/2019 15:37:18.000,28/09/2019 09:46:18.000,132129,70169,87263,4
22101,0.0970201548318206,0.525243593166044,0.21768219434063,0.160054057661506,1,1,2019,20/06/2019 15:41:37.000,01/08/2019 06:36:37.000,59935,37296,41074,3
23201,0.24745499357051,0.543131161594513,0.156852764680669,0.0525610801543078,1,1,2019,06/07/2019 12:15:57.000,01/08/2019 10:22:57.000,37327,29511,22236,3
23903,0.0893609750541064,0.523664426472263,0.222775942590272,0.164198655883358,1,1,2019,24/07/2019 15:09:57.000,11/09/2019 09:40:57.000,70231,43054,48310,4
20760,0.290628025169409,0.285696999031946,0.328230880929332,0.0954440948693127,1,1,2019,31/08/2019 11:11:54.000,23/09/2019 10:06:54.000,33055,19051,12599,4
19729,0.184684333593141,0.347233047544817,0.363522992985191,0.104559625876851,1,1,2019,10/09/2019 14:41:28.000,28/09/2019 10:20:28.000,25659,13649,11593,4
22290,0.17503187666628,0.383563231714385,0.380665352961632,0.0607395386577026,1,1,2019,10/09/2019 11:55:58.000,28/09/2019 11:15:58.000,25880,14457,11499,4
20046,0.241216529948924,0.401098901098901,0.290022184388382,0.067662384563793,1,1,2019,10/09/2019 13:04:30.000,07/10/2019 11:09:30.000,38765,24900,18172,4
